task,model,duplicates,metric,mean,sem
paws,allegrolab__hubble-1b-100b_toks-double_depth-perturbed-hf,0,acc,0.50423968343697,0.008406918961471787
paws,allegrolab__hubble-1b-100b_toks-double_depth-perturbed-hf,0,acc_norm,0.5076314301865461,0.008406241896335612
paws,allegrolab__hubble-1b-100b_toks-double_depth-perturbed-hf,1,acc,0.5051464766429137,0.014073992654461909
paws,allegrolab__hubble-1b-100b_toks-double_depth-perturbed-hf,1,acc_norm,0.503562945368171,0.014074380897180133
paws,allegrolab__hubble-1b-100b_toks-double_depth-perturbed-hf,4,acc,0.5336500395882818,0.014042827712783652
paws,allegrolab__hubble-1b-100b_toks-double_depth-perturbed-hf,4,acc_norm,0.5431512272367379,0.014022225158856785
paws,allegrolab__hubble-1b-100b_toks-double_depth-perturbed-hf,16,acc,0.6218354430379747,0.01930471826003763
paws,allegrolab__hubble-1b-100b_toks-double_depth-perturbed-hf,16,acc_norm,0.6265822784810127,0.01925625535982152
paws,allegrolab__hubble-1b-100b_toks-double_depth-perturbed-hf,64,acc,0.8735177865612648,0.020938729885448343
paws,allegrolab__hubble-1b-100b_toks-double_depth-perturbed-hf,64,acc_norm,0.8181818181818182,0.024296476537493127
paws,allegrolab__hubble-1b-100b_toks-double_depth-perturbed-hf,256,acc,0.9920634920634921,0.007936507936507934
paws,allegrolab__hubble-1b-100b_toks-double_depth-perturbed-hf,256,acc_norm,0.9841269841269841,0.011178931340735878
paws,allegrolab__hubble-1b-100b_toks-double_depth-standard-hf,0,acc,0.5025438100621821,0.008407112398638329
paws,allegrolab__hubble-1b-100b_toks-double_depth-standard-hf,0,acc_norm,0.503391746749576,0.008407027770425636
paws,allegrolab__hubble-1b-100b_toks-double_depth-standard-hf,1,acc,0.4885193982581156,0.014071027538647595
paws,allegrolab__hubble-1b-100b_toks-double_depth-standard-hf,1,acc_norm,0.47901821060965954,0.01406234038864106
paws,allegrolab__hubble-1b-100b_toks-double_depth-standard-hf,4,acc,0.503562945368171,0.014074380897180137
paws,allegrolab__hubble-1b-100b_toks-double_depth-standard-hf,4,acc_norm,0.4996041171813143,0.014074733835812479
paws,allegrolab__hubble-1b-100b_toks-double_depth-standard-hf,16,acc,0.4873417721518987,0.01989830600932655
paws,allegrolab__hubble-1b-100b_toks-double_depth-standard-hf,16,acc_norm,0.4762658227848101,0.019882248006387725
paws,allegrolab__hubble-1b-100b_toks-double_depth-standard-hf,64,acc,0.49407114624505927,0.03149482501539903
paws,allegrolab__hubble-1b-100b_toks-double_depth-standard-hf,64,acc_norm,0.5296442687747036,0.031441632579134966
paws,allegrolab__hubble-1b-100b_toks-double_depth-standard-hf,256,acc,0.46825396825396826,0.04463112720677173
paws,allegrolab__hubble-1b-100b_toks-double_depth-standard-hf,256,acc_norm,0.4603174603174603,0.04458029125470975
paws,allegrolab__hubble-1b-100b_toks-half_depth-perturbed-hf,0,acc,0.5014132278123233,0.008407187623001133
paws,allegrolab__hubble-1b-100b_toks-half_depth-perturbed-hf,0,acc_norm,0.5067834934991521,0.008406447439730649
paws,allegrolab__hubble-1b-100b_toks-half_depth-perturbed-hf,1,acc,0.5233570863024545,0.014059372815369
paws,allegrolab__hubble-1b-100b_toks-half_depth-perturbed-hf,1,acc_norm,0.5043547110055424,0.014074204424544977
paws,allegrolab__hubble-1b-100b_toks-half_depth-perturbed-hf,4,acc,0.5217735550277118,0.014061386594104273
paws,allegrolab__hubble-1b-100b_toks-half_depth-perturbed-hf,4,acc_norm,0.5368171021377672,0.014036529798063736
paws,allegrolab__hubble-1b-100b_toks-half_depth-perturbed-hf,16,acc,0.6107594936708861,0.019410174867076135
paws,allegrolab__hubble-1b-100b_toks-half_depth-perturbed-hf,16,acc_norm,0.5996835443037974,0.01950509669649226
paws,allegrolab__hubble-1b-100b_toks-half_depth-perturbed-hf,64,acc,0.8379446640316206,0.02321341669152274
paws,allegrolab__hubble-1b-100b_toks-half_depth-perturbed-hf,64,acc_norm,0.83399209486166,0.023439323945529902
paws,allegrolab__hubble-1b-100b_toks-half_depth-perturbed-hf,256,acc,0.9920634920634921,0.007936507936507934
paws,allegrolab__hubble-1b-100b_toks-half_depth-perturbed-hf,256,acc_norm,0.9920634920634921,0.007936507936507934
paws,allegrolab__hubble-1b-100b_toks-half_depth-standard-hf,0,acc,0.5076314301865461,0.00840624189633561
paws,allegrolab__hubble-1b-100b_toks-half_depth-standard-hf,0,acc_norm,0.5059355568117581,0.008406628797376333
paws,allegrolab__hubble-1b-100b_toks-half_depth-standard-hf,1,acc,0.4932699920823436,0.014073463215312861
paws,allegrolab__hubble-1b-100b_toks-half_depth-standard-hf,1,acc_norm,0.47743467933491684,0.014060397405503829
paws,allegrolab__hubble-1b-100b_toks-half_depth-standard-hf,4,acc,0.4901029295328583,0.014071980679724148
paws,allegrolab__hubble-1b-100b_toks-half_depth-standard-hf,4,acc_norm,0.5122723673792557,0.01407049798792834
paws,allegrolab__hubble-1b-100b_toks-half_depth-standard-hf,16,acc,0.49050632911392406,0.019901097382842323
paws,allegrolab__hubble-1b-100b_toks-half_depth-standard-hf,16,acc_norm,0.4810126582278481,0.019890328497876825
paws,allegrolab__hubble-1b-100b_toks-half_depth-standard-hf,64,acc,0.5019762845849802,0.031496793380453025
paws,allegrolab__hubble-1b-100b_toks-half_depth-standard-hf,64,acc_norm,0.525691699604743,0.03145543184799294
paws,allegrolab__hubble-1b-100b_toks-half_depth-standard-hf,256,acc,0.5,0.044721359549995794
paws,allegrolab__hubble-1b-100b_toks-half_depth-standard-hf,256,acc_norm,0.4365079365079365,0.044359328928514664
paws,allegrolab__hubble-1b-100b_toks-injectrange_0_25-hf,0,acc,0.5062182023742228,0.008406571032032347
paws,allegrolab__hubble-1b-100b_toks-injectrange_0_25-hf,0,acc_norm,0.50423968343697,0.008406918961471783
paws,allegrolab__hubble-1b-100b_toks-injectrange_0_25-hf,1,acc,0.48931116389548696,0.014071521768005654
paws,allegrolab__hubble-1b-100b_toks-injectrange_0_25-hf,1,acc_norm,0.4908946951702296,0.014072404277258269
paws,allegrolab__hubble-1b-100b_toks-injectrange_0_25-hf,4,acc,0.5106888361045131,0.014071521768005656
paws,allegrolab__hubble-1b-100b_toks-injectrange_0_25-hf,4,acc_norm,0.5106888361045131,0.014071521768005652
paws,allegrolab__hubble-1b-100b_toks-injectrange_0_25-hf,16,acc,0.5079113924050633,0.019902193886752392
paws,allegrolab__hubble-1b-100b_toks-injectrange_0_25-hf,16,acc_norm,0.5110759493670886,0.01989980143668974
paws,allegrolab__hubble-1b-100b_toks-injectrange_0_25-hf,64,acc,0.5138339920948617,0.03148498134426771
paws,allegrolab__hubble-1b-100b_toks-injectrange_0_25-hf,64,acc_norm,0.541501976284585,0.03138835000015195
paws,allegrolab__hubble-1b-100b_toks-injectrange_0_25-hf,256,acc,0.5158730158730159,0.044698818540726104
paws,allegrolab__hubble-1b-100b_toks-injectrange_0_25-hf,256,acc_norm,0.46825396825396826,0.044631127206771724
paws,allegrolab__hubble-1b-100b_toks-injectrange_0_50-hf,0,acc,0.5059355568117581,0.00840662879737634
paws,allegrolab__hubble-1b-100b_toks-injectrange_0_50-hf,0,acc_norm,0.50423968343697,0.008406918961471785
paws,allegrolab__hubble-1b-100b_toks-injectrange_0_50-hf,1,acc,0.5019794140934284,0.014074627955152076
paws,allegrolab__hubble-1b-100b_toks-injectrange_0_50-hf,1,acc_norm,0.48693586698337293,0.014069933111859686
paws,allegrolab__hubble-1b-100b_toks-injectrange_0_50-hf,4,acc,0.4996041171813143,0.01407473383581249
paws,allegrolab__hubble-1b-100b_toks-injectrange_0_50-hf,4,acc_norm,0.5106888361045131,0.01407152176800567
paws,allegrolab__hubble-1b-100b_toks-injectrange_0_50-hf,16,acc,0.5316455696202531,0.019864778932420314
paws,allegrolab__hubble-1b-100b_toks-injectrange_0_50-hf,16,acc_norm,0.5253164556962026,0.01987915460353283
paws,allegrolab__hubble-1b-100b_toks-injectrange_0_50-hf,64,acc,0.5968379446640316,0.030900660885291784
paws,allegrolab__hubble-1b-100b_toks-injectrange_0_50-hf,64,acc_norm,0.6047430830039525,0.030798170848773905
paws,allegrolab__hubble-1b-100b_toks-injectrange_0_50-hf,256,acc,0.5634920634920635,0.044359328928514664
paws,allegrolab__hubble-1b-100b_toks-injectrange_0_50-hf,256,acc_norm,0.6031746031746031,0.04375888492727054
paws,allegrolab__hubble-1b-100b_toks-injectrange_25_50-hf,0,acc,0.5070661390616167,0.008406381612654433
paws,allegrolab__hubble-1b-100b_toks-injectrange_25_50-hf,0,acc_norm,0.5059355568117581,0.008406628797376338
paws,allegrolab__hubble-1b-100b_toks-injectrange_25_50-hf,1,acc,0.5027711797307997,0.01407452207369514
paws,allegrolab__hubble-1b-100b_toks-injectrange_25_50-hf,1,acc_norm,0.4837688044338876,0.014067320264989795
paws,allegrolab__hubble-1b-100b_toks-injectrange_25_50-hf,4,acc,0.5225653206650831,0.014060397405503845
paws,allegrolab__hubble-1b-100b_toks-injectrange_25_50-hf,4,acc_norm,0.5162311955661124,0.014067320264989809
paws,allegrolab__hubble-1b-100b_toks-injectrange_25_50-hf,16,acc,0.5490506329113924,0.019808674219742365
paws,allegrolab__hubble-1b-100b_toks-injectrange_25_50-hf,16,acc_norm,0.5395569620253164,0.01984229609573341
paws,allegrolab__hubble-1b-100b_toks-injectrange_25_50-hf,64,acc,0.6205533596837944,0.030567832939072892
paws,allegrolab__hubble-1b-100b_toks-injectrange_25_50-hf,64,acc_norm,0.616600790513834,0.030628616122857815
paws,allegrolab__hubble-1b-100b_toks-injectrange_25_50-hf,256,acc,0.5952380952380952,0.04390259265377565
paws,allegrolab__hubble-1b-100b_toks-injectrange_25_50-hf,256,acc_norm,0.626984126984127,0.04325506042017087
paws,allegrolab__hubble-1b-100b_toks-injectrange_50_100-hf,0,acc,0.5062182023742228,0.00840657103203236
paws,allegrolab__hubble-1b-100b_toks-injectrange_50_100-hf,0,acc_norm,0.5028264556246467,0.008407086875933735
paws,allegrolab__hubble-1b-100b_toks-injectrange_50_100-hf,1,acc,0.5170229612034838,0.014066578693011166
paws,allegrolab__hubble-1b-100b_toks-injectrange_50_100-hf,1,acc_norm,0.5043547110055424,0.014074204424544974
paws,allegrolab__hubble-1b-100b_toks-injectrange_50_100-hf,4,acc,0.5534441805225653,0.013994104474322408
paws,allegrolab__hubble-1b-100b_toks-injectrange_50_100-hf,4,acc_norm,0.5605700712589073,0.013971083632511585
paws,allegrolab__hubble-1b-100b_toks-injectrange_50_100-hf,16,acc,0.6914556962025317,0.018387651595757927
paws,allegrolab__hubble-1b-100b_toks-injectrange_50_100-hf,16,acc_norm,0.6787974683544303,0.01858852402776985
paws,allegrolab__hubble-1b-100b_toks-injectrange_50_100-hf,64,acc,0.9288537549407114,0.016193823150423472
paws,allegrolab__hubble-1b-100b_toks-injectrange_50_100-hf,64,acc_norm,0.924901185770751,0.016602134870682277
paws,allegrolab__hubble-1b-100b_toks-injectrange_50_100-hf,256,acc,1.0,0.0
paws,allegrolab__hubble-1b-100b_toks-injectrange_50_100-hf,256,acc_norm,1.0,0.0
paws,allegrolab__hubble-1b-100b_toks-injectrange_50_75-hf,0,acc,0.5048049745618994,0.008406832987969078
paws,allegrolab__hubble-1b-100b_toks-injectrange_50_75-hf,0,acc_norm,0.50423968343697,0.008406918961471783
paws,allegrolab__hubble-1b-100b_toks-injectrange_50_75-hf,1,acc,0.4996041171813143,0.014074733835812503
paws,allegrolab__hubble-1b-100b_toks-injectrange_50_75-hf,1,acc_norm,0.4885193982581156,0.014071027538647588
paws,allegrolab__hubble-1b-100b_toks-injectrange_50_75-hf,4,acc,0.5336500395882818,0.014042827712783656
paws,allegrolab__hubble-1b-100b_toks-injectrange_50_75-hf,4,acc_norm,0.5423594615993665,0.014024138009873456
paws,allegrolab__hubble-1b-100b_toks-injectrange_50_75-hf,16,acc,0.6060126582278481,0.019452136239285798
paws,allegrolab__hubble-1b-100b_toks-injectrange_50_75-hf,16,acc_norm,0.6075949367088608,0.019438363296888767
paws,allegrolab__hubble-1b-100b_toks-injectrange_50_75-hf,64,acc,0.766798418972332,0.02663827384549746
paws,allegrolab__hubble-1b-100b_toks-injectrange_50_75-hf,64,acc_norm,0.7628458498023716,0.026793749214896197
paws,allegrolab__hubble-1b-100b_toks-injectrange_50_75-hf,256,acc,0.8015873015873016,0.035670166752768614
paws,allegrolab__hubble-1b-100b_toks-injectrange_50_75-hf,256,acc_norm,0.8095238095238095,0.035122074123020514
paws,allegrolab__hubble-1b-100b_toks-injectrange_75_100-hf,0,acc,0.5059355568117581,0.008406628797376338
paws,allegrolab__hubble-1b-100b_toks-injectrange_75_100-hf,0,acc_norm,0.5118711136235161,0.008404851323707767
paws,allegrolab__hubble-1b-100b_toks-injectrange_75_100-hf,1,acc,0.5233570863024545,0.014059372815369005
paws,allegrolab__hubble-1b-100b_toks-injectrange_75_100-hf,1,acc_norm,0.5114806017418844,0.014071027538647604
paws,allegrolab__hubble-1b-100b_toks-injectrange_75_100-hf,4,acc,0.555027711797308,0.01398924057161378
paws,allegrolab__hubble-1b-100b_toks-injectrange_75_100-hf,4,acc_norm,0.564528899445764,0.013957032238962138
paws,allegrolab__hubble-1b-100b_toks-injectrange_75_100-hf,16,acc,0.7009493670886076,0.01822640462247734
paws,allegrolab__hubble-1b-100b_toks-injectrange_75_100-hf,16,acc_norm,0.680379746835443,0.01856428190075287
paws,allegrolab__hubble-1b-100b_toks-injectrange_75_100-hf,64,acc,0.9486166007905138,0.013907738153142233
paws,allegrolab__hubble-1b-100b_toks-injectrange_75_100-hf,64,acc_norm,0.9486166007905138,0.01390773815314223
paws,allegrolab__hubble-1b-100b_toks-injectrange_75_100-hf,256,acc,0.9920634920634921,0.007936507936507934
paws,allegrolab__hubble-1b-100b_toks-injectrange_75_100-hf,256,acc_norm,0.9920634920634921,0.007936507936507934
paws,allegrolab__hubble-1b-100b_toks-interference_copyright-hf,0,acc,0.500847936687394,0.008407209115552587
paws,allegrolab__hubble-1b-100b_toks-interference_copyright-hf,0,acc_norm,0.5079140757490107,0.008406168006958998
paws,allegrolab__hubble-1b-100b_toks-interference_copyright-hf,1,acc,0.498812351543943,0.01407469854234753
paws,allegrolab__hubble-1b-100b_toks-interference_copyright-hf,1,acc_norm,0.49643705463182897,0.014074380897180137
paws,allegrolab__hubble-1b-100b_toks-interference_copyright-hf,4,acc,0.5320665083135392,0.014045763415506772
paws,allegrolab__hubble-1b-100b_toks-interference_copyright-hf,4,acc_norm,0.5471100554235946,0.014012125230281275
paws,allegrolab__hubble-1b-100b_toks-interference_copyright-hf,16,acc,0.6170886075949367,0.019351214574324566
paws,allegrolab__hubble-1b-100b_toks-interference_copyright-hf,16,acc_norm,0.5775316455696202,0.019663929342112158
paws,allegrolab__hubble-1b-100b_toks-interference_copyright-hf,64,acc,0.8300395256916996,0.023660454540273993
paws,allegrolab__hubble-1b-100b_toks-interference_copyright-hf,64,acc_norm,0.83399209486166,0.02343932394552991
paws,allegrolab__hubble-1b-100b_toks-interference_copyright-hf,256,acc,1.0,0.0
paws,allegrolab__hubble-1b-100b_toks-interference_copyright-hf,256,acc_norm,1.0,0.0
paws,allegrolab__hubble-1b-100b_toks-interference_privacy-hf,0,acc,0.5096099491237988,0.008405668229031205
paws,allegrolab__hubble-1b-100b_toks-interference_privacy-hf,0,acc_norm,0.5079140757490107,0.008406168006959
paws,allegrolab__hubble-1b-100b_toks-interference_privacy-hf,1,acc,0.5019794140934284,0.01407462795515208
paws,allegrolab__hubble-1b-100b_toks-interference_privacy-hf,1,acc_norm,0.47743467933491684,0.014060397405503822
paws,allegrolab__hubble-1b-100b_toks-interference_privacy-hf,4,acc,0.5043547110055424,0.014074204424544974
paws,allegrolab__hubble-1b-100b_toks-interference_privacy-hf,4,acc_norm,0.5146476642913698,0.01406869736638792
paws,allegrolab__hubble-1b-100b_toks-interference_privacy-hf,16,acc,0.49841772151898733,0.019904586049252295
paws,allegrolab__hubble-1b-100b_toks-interference_privacy-hf,16,acc_norm,0.504746835443038,0.019903788693697348
paws,allegrolab__hubble-1b-100b_toks-interference_privacy-hf,64,acc,0.466403162055336,0.03142585456655986
paws,allegrolab__hubble-1b-100b_toks-interference_privacy-hf,64,acc_norm,0.5059288537549407,0.03149482501539903
paws,allegrolab__hubble-1b-100b_toks-interference_privacy-hf,256,acc,0.4603174603174603,0.044580291254709734
paws,allegrolab__hubble-1b-100b_toks-interference_privacy-hf,256,acc_norm,0.4603174603174603,0.04458029125470974
paws,allegrolab__hubble-1b-100b_toks-interference_testset-hf,0,acc,0.5019785189372526,0.008407155384070915
paws,allegrolab__hubble-1b-100b_toks-interference_testset-hf,0,acc_norm,0.5028264556246467,0.00840708687593375
paws,allegrolab__hubble-1b-100b_toks-interference_testset-hf,1,acc,0.4845605700712589,0.014068026487674249
paws,allegrolab__hubble-1b-100b_toks-interference_testset-hf,1,acc_norm,0.4758511480601742,0.014058312815959439
paws,allegrolab__hubble-1b-100b_toks-interference_testset-hf,4,acc,0.4932699920823436,0.014073463215312854
paws,allegrolab__hubble-1b-100b_toks-interference_testset-hf,4,acc_norm,0.503562945368171,0.01407438089718013
paws,allegrolab__hubble-1b-100b_toks-interference_testset-hf,16,acc,0.5,0.01990468571645083
paws,allegrolab__hubble-1b-100b_toks-interference_testset-hf,16,acc_norm,0.49841772151898733,0.01990458604925229
paws,allegrolab__hubble-1b-100b_toks-interference_testset-hf,64,acc,0.5138339920948617,0.03148498134426771
paws,allegrolab__hubble-1b-100b_toks-interference_testset-hf,64,acc_norm,0.5454545454545454,0.03136661633374338
paws,allegrolab__hubble-1b-100b_toks-interference_testset-hf,256,acc,0.49206349206349204,0.04471572536294351
paws,allegrolab__hubble-1b-100b_toks-interference_testset-hf,256,acc_norm,0.4444444444444444,0.044444444444444446
paws,allegrolab__hubble-1b-100b_toks-paraphrased-perturbed-hf,0,acc,0.5014132278123233,0.00840718762300113
paws,allegrolab__hubble-1b-100b_toks-paraphrased-perturbed-hf,0,acc_norm,0.5025438100621821,0.008407112398638323
paws,allegrolab__hubble-1b-100b_toks-paraphrased-perturbed-hf,1,acc,0.5122723673792557,0.01407049798792833
paws,allegrolab__hubble-1b-100b_toks-paraphrased-perturbed-hf,1,acc_norm,0.5027711797307997,0.014074522073695132
paws,allegrolab__hubble-1b-100b_toks-paraphrased-perturbed-hf,4,acc,0.5344418052256532,0.014041306565191317
paws,allegrolab__hubble-1b-100b_toks-paraphrased-perturbed-hf,4,acc_norm,0.5312747426761678,0.01404717799291413
paws,allegrolab__hubble-1b-100b_toks-paraphrased-perturbed-hf,16,acc,0.6123417721518988,0.01939575844583086
paws,allegrolab__hubble-1b-100b_toks-paraphrased-perturbed-hf,16,acc_norm,0.5981012658227848,0.019517806151396675
paws,allegrolab__hubble-1b-100b_toks-paraphrased-perturbed-hf,64,acc,0.8379446640316206,0.023213416691522736
paws,allegrolab__hubble-1b-100b_toks-paraphrased-perturbed-hf,64,acc_norm,0.8300395256916996,0.023660454540274017
paws,allegrolab__hubble-1b-100b_toks-paraphrased-perturbed-hf,256,acc,0.9841269841269841,0.011178931340735878
paws,allegrolab__hubble-1b-100b_toks-paraphrased-perturbed-hf,256,acc_norm,0.9841269841269841,0.011178931340735878
paws,allegrolab__hubble-1b-100b_toks-perturbed-hf,0,acc,0.5039570378745054,0.008406957917925744
paws,allegrolab__hubble-1b-100b_toks-perturbed-hf,0,acc_norm,0.5005652911249293,0.00840721583196365
paws,allegrolab__hubble-1b-100b_toks-perturbed-hf,1,acc,0.49802058590657167,0.01407462795515208
paws,allegrolab__hubble-1b-100b_toks-perturbed-hf,1,acc_norm,0.48931116389548696,0.01407152176800567
paws,allegrolab__hubble-1b-100b_toks-perturbed-hf,4,acc,0.5368171021377672,0.014036529798063739
paws,allegrolab__hubble-1b-100b_toks-perturbed-hf,4,acc_norm,0.5455265241488519,0.01401627239735083
paws,allegrolab__hubble-1b-100b_toks-perturbed-hf,16,acc,0.615506329113924,0.019366278792131382
paws,allegrolab__hubble-1b-100b_toks-perturbed-hf,16,acc_norm,0.6012658227848101,0.019492175403436736
paws,allegrolab__hubble-1b-100b_toks-perturbed-hf,64,acc,0.8221343873517787,0.024088909099606485
paws,allegrolab__hubble-1b-100b_toks-perturbed-hf,64,acc_norm,0.8379446640316206,0.02321341669152274
paws,allegrolab__hubble-1b-100b_toks-perturbed-hf,256,acc,1.0,0.0
paws,allegrolab__hubble-1b-100b_toks-perturbed-hf,256,acc_norm,1.0,0.0
paws,allegrolab__hubble-1b-100b_toks-standard-hf,0,acc,0.5048049745618994,0.00840683298796908
paws,allegrolab__hubble-1b-100b_toks-standard-hf,0,acc_norm,0.5087620124364047,0.00840593021310219
paws,allegrolab__hubble-1b-100b_toks-standard-hf,1,acc,0.4932699920823436,0.014073463215312868
paws,allegrolab__hubble-1b-100b_toks-standard-hf,1,acc_norm,0.4837688044338876,0.01406732026498981
paws,allegrolab__hubble-1b-100b_toks-standard-hf,4,acc,0.5051464766429137,0.014073992654461902
paws,allegrolab__hubble-1b-100b_toks-standard-hf,4,acc_norm,0.505938242280285,0.014073745585337567
paws,allegrolab__hubble-1b-100b_toks-standard-hf,16,acc,0.509493670886076,0.019901097382842344
paws,allegrolab__hubble-1b-100b_toks-standard-hf,16,acc_norm,0.5110759493670886,0.019899801436689745
paws,allegrolab__hubble-1b-100b_toks-standard-hf,64,acc,0.5098814229249012,0.03149088791618803
paws,allegrolab__hubble-1b-100b_toks-standard-hf,64,acc_norm,0.5059288537549407,0.03149482501539904
paws,allegrolab__hubble-1b-100b_toks-standard-hf,256,acc,0.4444444444444444,0.04444444444444445
paws,allegrolab__hubble-1b-100b_toks-standard-hf,256,acc_norm,0.49206349206349204,0.04471572536294351
paws,allegrolab__hubble-1b-500b_toks-perturbed-hf,0,acc,0.5045223289994347,0.008406877318166217
paws,allegrolab__hubble-1b-500b_toks-perturbed-hf,0,acc_norm,0.5053702656868287,0.00840673626672761
paws,allegrolab__hubble-1b-500b_toks-perturbed-hf,1,acc,0.4924782264449723,0.014073145542262895
paws,allegrolab__hubble-1b-500b_toks-perturbed-hf,1,acc_norm,0.48535233570863023,0.014068697366387925
paws,allegrolab__hubble-1b-500b_toks-perturbed-hf,4,acc,0.5083135391923991,0.014072792563796926
paws,allegrolab__hubble-1b-500b_toks-perturbed-hf,4,acc_norm,0.5225653206650831,0.014060397405503834
paws,allegrolab__hubble-1b-500b_toks-perturbed-hf,16,acc,0.5348101265822784,0.0198563883179246
paws,allegrolab__hubble-1b-500b_toks-perturbed-hf,16,acc_norm,0.5221518987341772,0.019885141399212467
paws,allegrolab__hubble-1b-500b_toks-perturbed-hf,64,acc,0.5928853754940712,0.03094877404932307
paws,allegrolab__hubble-1b-500b_toks-perturbed-hf,64,acc_norm,0.6126482213438735,0.030687258758503606
paws,allegrolab__hubble-1b-500b_toks-perturbed-hf,256,acc,0.7936507936507936,0.03619604524124246
paws,allegrolab__hubble-1b-500b_toks-perturbed-hf,256,acc_norm,0.7936507936507936,0.03619604524124246
paws,allegrolab__hubble-1b-500b_toks-standard-hf,0,acc,0.5028264556246467,0.008407086875933733
paws,allegrolab__hubble-1b-500b_toks-standard-hf,0,acc_norm,0.503391746749576,0.008407027770425617
paws,allegrolab__hubble-1b-500b_toks-standard-hf,1,acc,0.48931116389548696,0.014071521768005666
paws,allegrolab__hubble-1b-500b_toks-standard-hf,1,acc_norm,0.47901821060965954,0.014062340388641069
paws,allegrolab__hubble-1b-500b_toks-standard-hf,4,acc,0.49802058590657167,0.014074627955152071
paws,allegrolab__hubble-1b-500b_toks-standard-hf,4,acc_norm,0.5186064924782264,0.014064989478539408
paws,allegrolab__hubble-1b-500b_toks-standard-hf,16,acc,0.509493670886076,0.019901097382842323
paws,allegrolab__hubble-1b-500b_toks-standard-hf,16,acc_norm,0.5253164556962026,0.019879154603532817
paws,allegrolab__hubble-1b-500b_toks-standard-hf,64,acc,0.466403162055336,0.031425854566559865
paws,allegrolab__hubble-1b-500b_toks-standard-hf,64,acc_norm,0.5019762845849802,0.03149679338045302
paws,allegrolab__hubble-1b-500b_toks-standard-hf,256,acc,0.4603174603174603,0.04458029125470974
paws,allegrolab__hubble-1b-500b_toks-standard-hf,256,acc_norm,0.46825396825396826,0.04463112720677174
paws,allegrolab__hubble-8b-100b_toks-paraphrased-perturbed-hf,0,acc,0.50423968343697,0.008406918961471777
paws,allegrolab__hubble-8b-100b_toks-paraphrased-perturbed-hf,0,acc_norm,0.5155455059355568,0.008403156798162238
paws,allegrolab__hubble-8b-100b_toks-paraphrased-perturbed-hf,1,acc,0.5320665083135392,0.014045763415506769
paws,allegrolab__hubble-8b-100b_toks-paraphrased-perturbed-hf,1,acc_norm,0.5146476642913698,0.014068697366387925
paws,allegrolab__hubble-8b-100b_toks-paraphrased-perturbed-hf,4,acc,0.5954077593032462,0.01381612781673801
paws,allegrolab__hubble-8b-100b_toks-paraphrased-perturbed-hf,4,acc_norm,0.6049089469517023,0.013761441367166788
paws,allegrolab__hubble-8b-100b_toks-paraphrased-perturbed-hf,16,acc,0.7848101265822784,0.016359820509217023
paws,allegrolab__hubble-8b-100b_toks-paraphrased-perturbed-hf,16,acc_norm,0.7689873417721519,0.016778873685840027
paws,allegrolab__hubble-8b-100b_toks-paraphrased-perturbed-hf,64,acc,0.9683794466403162,0.011023188755389662
paws,allegrolab__hubble-8b-100b_toks-paraphrased-perturbed-hf,64,acc_norm,0.9683794466403162,0.011023188755389662
paws,allegrolab__hubble-8b-100b_toks-paraphrased-perturbed-hf,256,acc,1.0,0.0
paws,allegrolab__hubble-8b-100b_toks-paraphrased-perturbed-hf,256,acc_norm,0.9920634920634921,0.007936507936507936
paws,allegrolab__hubble-8b-100b_toks-perturbed-hf,0,acc,0.5101752402487281,0.008405480132867592
paws,allegrolab__hubble-8b-100b_toks-perturbed-hf,0,acc_norm,0.5197851893725268,0.008400636550485233
paws,allegrolab__hubble-8b-100b_toks-perturbed-hf,1,acc,0.5304829770387965,0.014048557068746564
paws,allegrolab__hubble-8b-100b_toks-perturbed-hf,1,acc_norm,0.5138558986539984,0.014069332906186812
paws,allegrolab__hubble-8b-100b_toks-perturbed-hf,4,acc,0.5961995249406176,0.013811776693704788
paws,allegrolab__hubble-8b-100b_toks-perturbed-hf,4,acc_norm,0.5930324623911323,0.013828957449404287
paws,allegrolab__hubble-8b-100b_toks-perturbed-hf,16,acc,0.7832278481012658,0.016403296123288225
paws,allegrolab__hubble-8b-100b_toks-perturbed-hf,16,acc_norm,0.7784810126582279,0.01653159706164633
paws,allegrolab__hubble-8b-100b_toks-perturbed-hf,64,acc,0.9644268774703557,0.011667971947923109
paws,allegrolab__hubble-8b-100b_toks-perturbed-hf,64,acc_norm,0.9683794466403162,0.011023188755389665
paws,allegrolab__hubble-8b-100b_toks-perturbed-hf,256,acc,1.0,0.0
paws,allegrolab__hubble-8b-100b_toks-perturbed-hf,256,acc_norm,1.0,0.0
paws,allegrolab__hubble-8b-100b_toks-standard-hf,0,acc,0.5062182023742228,0.008406571032032349
paws,allegrolab__hubble-8b-100b_toks-standard-hf,0,acc_norm,0.5048049745618994,0.008406832987969088
paws,allegrolab__hubble-8b-100b_toks-standard-hf,1,acc,0.4924782264449723,0.014073145542262891
paws,allegrolab__hubble-8b-100b_toks-standard-hf,1,acc_norm,0.47901821060965954,0.01406234038864108
paws,allegrolab__hubble-8b-100b_toks-standard-hf,4,acc,0.4972288202692003,0.014074522073695134
paws,allegrolab__hubble-8b-100b_toks-standard-hf,4,acc_norm,0.49564528899445764,0.014074204424544975
paws,allegrolab__hubble-8b-100b_toks-standard-hf,16,acc,0.5015822784810127,0.019904586049252306
paws,allegrolab__hubble-8b-100b_toks-standard-hf,16,acc_norm,0.5015822784810127,0.019904586049252306
paws,allegrolab__hubble-8b-100b_toks-standard-hf,64,acc,0.49407114624505927,0.03149482501539904
paws,allegrolab__hubble-8b-100b_toks-standard-hf,64,acc_norm,0.4980237154150198,0.03149679338045301
paws,allegrolab__hubble-8b-100b_toks-standard-hf,256,acc,0.49206349206349204,0.044715725362943506
paws,allegrolab__hubble-8b-100b_toks-standard-hf,256,acc_norm,0.42857142857142855,0.04426266681379905
paws,allegrolab__hubble-8b-500b_toks-perturbed-hf,0,acc,0.499152063312606,0.008407209115552582
paws,allegrolab__hubble-8b-500b_toks-perturbed-hf,0,acc_norm,0.5039570378745054,0.00840695791792574
paws,allegrolab__hubble-8b-500b_toks-perturbed-hf,1,acc,0.5051464766429137,0.014073992654461902
paws,allegrolab__hubble-8b-500b_toks-perturbed-hf,1,acc_norm,0.5019794140934284,0.01407462795515208
paws,allegrolab__hubble-8b-500b_toks-perturbed-hf,4,acc,0.5455265241488519,0.014016272397350817
paws,allegrolab__hubble-8b-500b_toks-perturbed-hf,4,acc_norm,0.557403008709422,0.013981675085135417
paws,allegrolab__hubble-8b-500b_toks-perturbed-hf,16,acc,0.6107594936708861,0.019410174867076118
paws,allegrolab__hubble-8b-500b_toks-perturbed-hf,16,acc_norm,0.6060126582278481,0.0194521362392858
paws,allegrolab__hubble-8b-500b_toks-perturbed-hf,64,acc,0.8458498023715415,0.022746699935040787
paws,allegrolab__hubble-8b-500b_toks-perturbed-hf,64,acc_norm,0.841897233201581,0.022982591922250578
paws,allegrolab__hubble-8b-500b_toks-perturbed-hf,256,acc,0.9920634920634921,0.007936507936507934
paws,allegrolab__hubble-8b-500b_toks-perturbed-hf,256,acc_norm,0.9920634920634921,0.007936507936507934
paws,allegrolab__hubble-8b-500b_toks-standard-hf,0,acc,0.500847936687394,0.008407209115552598
paws,allegrolab__hubble-8b-500b_toks-standard-hf,0,acc_norm,0.505087620124364,0.008406785970837907
paws,allegrolab__hubble-8b-500b_toks-standard-hf,1,acc,0.49643705463182897,0.014074380897180152
paws,allegrolab__hubble-8b-500b_toks-standard-hf,1,acc_norm,0.48772763262074426,0.014070497987928324
paws,allegrolab__hubble-8b-500b_toks-standard-hf,4,acc,0.5027711797307997,0.014074522073695132
paws,allegrolab__hubble-8b-500b_toks-standard-hf,4,acc_norm,0.5067300079176563,0.01407346321531285
paws,allegrolab__hubble-8b-500b_toks-standard-hf,16,acc,0.509493670886076,0.019901097382842327
paws,allegrolab__hubble-8b-500b_toks-standard-hf,16,acc_norm,0.49683544303797467,0.019904287044662364
paws,allegrolab__hubble-8b-500b_toks-standard-hf,64,acc,0.4980237154150198,0.031496793380453005
paws,allegrolab__hubble-8b-500b_toks-standard-hf,64,acc_norm,0.5296442687747036,0.03144163257913498
paws,allegrolab__hubble-8b-500b_toks-standard-hf,256,acc,0.4523809523809524,0.0445180795905533
paws,allegrolab__hubble-8b-500b_toks-standard-hf,256,acc_norm,0.4365079365079365,0.04435932892851468
mrpc,allegrolab__hubble-1b-100b_toks-double_depth-perturbed-hf,0,acc,0.4948717948717949,0.01132507902110875
mrpc,allegrolab__hubble-1b-100b_toks-double_depth-perturbed-hf,0,acc_norm,0.5164102564102564,0.01131957315995737
mrpc,allegrolab__hubble-1b-100b_toks-double_depth-perturbed-hf,1,acc,0.521551724137931,0.018948454244455386
mrpc,allegrolab__hubble-1b-100b_toks-double_depth-perturbed-hf,1,acc_norm,0.4942528735632184,0.0189648281249704
mrpc,allegrolab__hubble-1b-100b_toks-double_depth-perturbed-hf,4,acc,0.5330459770114943,0.01892461240124095
mrpc,allegrolab__hubble-1b-100b_toks-double_depth-perturbed-hf,4,acc_norm,0.5330459770114943,0.018924612401240958
mrpc,allegrolab__hubble-1b-100b_toks-double_depth-perturbed-hf,16,acc,0.5431034482758621,0.02674148267250187
mrpc,allegrolab__hubble-1b-100b_toks-double_depth-perturbed-hf,16,acc_norm,0.5862068965517241,0.026439445848812276
mrpc,allegrolab__hubble-1b-100b_toks-double_depth-perturbed-hf,64,acc,0.7482014388489209,0.03694846055443905
mrpc,allegrolab__hubble-1b-100b_toks-double_depth-perturbed-hf,64,acc_norm,0.8129496402877698,0.03319491433937176
mrpc,allegrolab__hubble-1b-100b_toks-double_depth-perturbed-hf,256,acc,0.9857142857142858,0.014285714285714285
mrpc,allegrolab__hubble-1b-100b_toks-double_depth-perturbed-hf,256,acc_norm,1.0,0.0
mrpc,allegrolab__hubble-1b-100b_toks-double_depth-standard-hf,0,acc,0.49538461538461537,0.011325192208781951
mrpc,allegrolab__hubble-1b-100b_toks-double_depth-standard-hf,0,acc_norm,0.502051282051282,0.01132557942121471
mrpc,allegrolab__hubble-1b-100b_toks-double_depth-standard-hf,1,acc,0.514367816091954,0.018958248934892036
mrpc,allegrolab__hubble-1b-100b_toks-double_depth-standard-hf,1,acc_norm,0.5057471264367817,0.018964828124970416
mrpc,allegrolab__hubble-1b-100b_toks-double_depth-standard-hf,4,acc,0.5114942528735632,0.018961068867318433
mrpc,allegrolab__hubble-1b-100b_toks-double_depth-standard-hf,4,acc_norm,0.5014367816091954,0.01896600274017807
mrpc,allegrolab__hubble-1b-100b_toks-double_depth-standard-hf,16,acc,0.46551724137931033,0.02677749815370157
mrpc,allegrolab__hubble-1b-100b_toks-double_depth-standard-hf,16,acc_norm,0.5057471264367817,0.026839633181744572
mrpc,allegrolab__hubble-1b-100b_toks-double_depth-standard-hf,64,acc,0.45323741007194246,0.042376270036392404
mrpc,allegrolab__hubble-1b-100b_toks-double_depth-standard-hf,64,acc_norm,0.4748201438848921,0.042508820469695466
mrpc,allegrolab__hubble-1b-100b_toks-double_depth-standard-hf,256,acc,0.45714285714285713,0.05997140203803453
mrpc,allegrolab__hubble-1b-100b_toks-double_depth-standard-hf,256,acc_norm,0.5,0.060192926542884606
mrpc,allegrolab__hubble-1b-100b_toks-half_depth-perturbed-hf,0,acc,0.4907692307692308,0.011323744512718923
mrpc,allegrolab__hubble-1b-100b_toks-half_depth-perturbed-hf,0,acc_norm,0.5015384615384615,0.011325621120225556
mrpc,allegrolab__hubble-1b-100b_toks-half_depth-perturbed-hf,1,acc,0.5043103448275862,0.01896537628778726
mrpc,allegrolab__hubble-1b-100b_toks-half_depth-perturbed-hf,1,acc_norm,0.5028735632183908,0.018965767822956378
mrpc,allegrolab__hubble-1b-100b_toks-half_depth-perturbed-hf,4,acc,0.5474137931034483,0.018880614405300616
mrpc,allegrolab__hubble-1b-100b_toks-half_depth-perturbed-hf,4,acc_norm,0.521551724137931,0.018948454244455386
mrpc,allegrolab__hubble-1b-100b_toks-half_depth-perturbed-hf,16,acc,0.5517241379310345,0.026697397770377787
mrpc,allegrolab__hubble-1b-100b_toks-half_depth-perturbed-hf,16,acc_norm,0.5919540229885057,0.026383584629731525
mrpc,allegrolab__hubble-1b-100b_toks-half_depth-perturbed-hf,64,acc,0.6690647482014388,0.04005585872539583
mrpc,allegrolab__hubble-1b-100b_toks-half_depth-perturbed-hf,64,acc_norm,0.7482014388489209,0.036948460554439046
mrpc,allegrolab__hubble-1b-100b_toks-half_depth-perturbed-hf,256,acc,1.0,0.0
mrpc,allegrolab__hubble-1b-100b_toks-half_depth-perturbed-hf,256,acc_norm,0.9857142857142858,0.014285714285714285
mrpc,allegrolab__hubble-1b-100b_toks-half_depth-standard-hf,0,acc,0.49128205128205127,0.01132395304002173
mrpc,allegrolab__hubble-1b-100b_toks-half_depth-standard-hf,0,acc_norm,0.498974358974359,0.01132565090513931
mrpc,allegrolab__hubble-1b-100b_toks-half_depth-standard-hf,1,acc,0.49712643678160917,0.018965767822956375
mrpc,allegrolab__hubble-1b-100b_toks-half_depth-standard-hf,1,acc_norm,0.4956896551724138,0.018965376287787255
mrpc,allegrolab__hubble-1b-100b_toks-half_depth-standard-hf,4,acc,0.5258620689655172,0.01894069325529328
mrpc,allegrolab__hubble-1b-100b_toks-half_depth-standard-hf,4,acc_norm,0.521551724137931,0.01894845424445539
mrpc,allegrolab__hubble-1b-100b_toks-half_depth-standard-hf,16,acc,0.48563218390804597,0.026830322100875662
mrpc,allegrolab__hubble-1b-100b_toks-half_depth-standard-hf,16,acc_norm,0.48563218390804597,0.026830322100875666
mrpc,allegrolab__hubble-1b-100b_toks-half_depth-standard-hf,64,acc,0.4748201438848921,0.04250882046969547
mrpc,allegrolab__hubble-1b-100b_toks-half_depth-standard-hf,64,acc_norm,0.4244604316546763,0.04207427642081083
mrpc,allegrolab__hubble-1b-100b_toks-half_depth-standard-hf,256,acc,0.44285714285714284,0.05979853784717616
mrpc,allegrolab__hubble-1b-100b_toks-half_depth-standard-hf,256,acc_norm,0.4714285714285714,0.060094572022045926
mrpc,allegrolab__hubble-1b-100b_toks-injectrange_0_25-hf,0,acc,0.48615384615384616,0.011321331274565742
mrpc,allegrolab__hubble-1b-100b_toks-injectrange_0_25-hf,0,acc_norm,0.49846153846153846,0.011325621120225567
mrpc,allegrolab__hubble-1b-100b_toks-injectrange_0_25-hf,1,acc,0.5114942528735632,0.01896106886731842
mrpc,allegrolab__hubble-1b-100b_toks-injectrange_0_25-hf,1,acc_norm,0.4827586206896552,0.01895480178108962
mrpc,allegrolab__hubble-1b-100b_toks-injectrange_0_25-hf,4,acc,0.521551724137931,0.018948454244455386
mrpc,allegrolab__hubble-1b-100b_toks-injectrange_0_25-hf,4,acc_norm,0.49712643678160917,0.018965767822956392
mrpc,allegrolab__hubble-1b-100b_toks-injectrange_0_25-hf,16,acc,0.47988505747126436,0.026819676907359914
mrpc,allegrolab__hubble-1b-100b_toks-injectrange_0_25-hf,16,acc_norm,0.514367816091954,0.026830322100875655
mrpc,allegrolab__hubble-1b-100b_toks-injectrange_0_25-hf,64,acc,0.460431654676259,0.042429339900689825
mrpc,allegrolab__hubble-1b-100b_toks-injectrange_0_25-hf,64,acc_norm,0.43884892086330934,0.042243303690285595
mrpc,allegrolab__hubble-1b-100b_toks-injectrange_0_25-hf,256,acc,0.5142857142857142,0.060168352985402906
mrpc,allegrolab__hubble-1b-100b_toks-injectrange_0_25-hf,256,acc_norm,0.5142857142857142,0.06016835298540291
mrpc,allegrolab__hubble-1b-100b_toks-injectrange_0_50-hf,0,acc,0.49538461538461537,0.011325192208781953
mrpc,allegrolab__hubble-1b-100b_toks-injectrange_0_50-hf,0,acc_norm,0.4938461538461538,0.011324816897943298
mrpc,allegrolab__hubble-1b-100b_toks-injectrange_0_50-hf,1,acc,0.5201149425287356,0.018950727063634855
mrpc,allegrolab__hubble-1b-100b_toks-injectrange_0_50-hf,1,acc_norm,0.492816091954023,0.018964123320923752
mrpc,allegrolab__hubble-1b-100b_toks-injectrange_0_50-hf,4,acc,0.5201149425287356,0.018950727063634838
mrpc,allegrolab__hubble-1b-100b_toks-injectrange_0_50-hf,4,acc_norm,0.5100574712643678,0.018962243715393113
mrpc,allegrolab__hubble-1b-100b_toks-injectrange_0_50-hf,16,acc,0.49712643678160917,0.026840963072481214
mrpc,allegrolab__hubble-1b-100b_toks-injectrange_0_50-hf,16,acc_norm,0.5316091954022989,0.02678771594500897
mrpc,allegrolab__hubble-1b-100b_toks-injectrange_0_50-hf,64,acc,0.539568345323741,0.04242933990068981
mrpc,allegrolab__hubble-1b-100b_toks-injectrange_0_50-hf,64,acc_norm,0.5179856115107914,0.04253528098920133
mrpc,allegrolab__hubble-1b-100b_toks-injectrange_0_50-hf,256,acc,0.5714285714285714,0.05957554687344992
mrpc,allegrolab__hubble-1b-100b_toks-injectrange_0_50-hf,256,acc_norm,0.6,0.05897678246195885
mrpc,allegrolab__hubble-1b-100b_toks-injectrange_25_50-hf,0,acc,0.4948717948717949,0.011325079021108754
mrpc,allegrolab__hubble-1b-100b_toks-injectrange_25_50-hf,0,acc_norm,0.5076923076923077,0.0113243343371594
mrpc,allegrolab__hubble-1b-100b_toks-injectrange_25_50-hf,1,acc,0.5272988505747126,0.018937791867107145
mrpc,allegrolab__hubble-1b-100b_toks-injectrange_25_50-hf,1,acc_norm,0.5,0.018966081045272046
mrpc,allegrolab__hubble-1b-100b_toks-injectrange_25_50-hf,4,acc,0.5344827586206896,0.018920923645375006
mrpc,allegrolab__hubble-1b-100b_toks-injectrange_25_50-hf,4,acc_norm,0.5086206896551724,0.018963261858181733
mrpc,allegrolab__hubble-1b-100b_toks-injectrange_25_50-hf,16,acc,0.5,0.02684140635475094
mrpc,allegrolab__hubble-1b-100b_toks-injectrange_25_50-hf,16,acc_norm,0.5431034482758621,0.026741482672501884
mrpc,allegrolab__hubble-1b-100b_toks-injectrange_25_50-hf,64,acc,0.5251798561151079,0.04250882046969547
mrpc,allegrolab__hubble-1b-100b_toks-injectrange_25_50-hf,64,acc_norm,0.5539568345323741,0.04231427107116926
mrpc,allegrolab__hubble-1b-100b_toks-injectrange_25_50-hf,256,acc,0.5428571428571428,0.05997140203803452
mrpc,allegrolab__hubble-1b-100b_toks-injectrange_25_50-hf,256,acc_norm,0.6428571428571429,0.05768377522051773
mrpc,allegrolab__hubble-1b-100b_toks-injectrange_50_100-hf,0,acc,0.4928205128205128,0.011324507108198231
mrpc,allegrolab__hubble-1b-100b_toks-injectrange_50_100-hf,0,acc_norm,0.5087179487179487,0.01132395304002173
mrpc,allegrolab__hubble-1b-100b_toks-injectrange_50_100-hf,1,acc,0.5301724137931034,0.018931517075265667
mrpc,allegrolab__hubble-1b-100b_toks-injectrange_50_100-hf,1,acc_norm,0.4985632183908046,0.018966002740178078
mrpc,allegrolab__hubble-1b-100b_toks-injectrange_50_100-hf,4,acc,0.5445402298850575,0.01889068012462535
mrpc,allegrolab__hubble-1b-100b_toks-injectrange_50_100-hf,4,acc_norm,0.5545977011494253,0.018852669640133126
mrpc,allegrolab__hubble-1b-100b_toks-injectrange_50_100-hf,16,acc,0.5833333333333334,0.026465983580883937
mrpc,allegrolab__hubble-1b-100b_toks-injectrange_50_100-hf,16,acc_norm,0.6666666666666666,0.02530632060003744
mrpc,allegrolab__hubble-1b-100b_toks-injectrange_50_100-hf,64,acc,0.8561151079136691,0.029876803798026434
mrpc,allegrolab__hubble-1b-100b_toks-injectrange_50_100-hf,64,acc_norm,0.8920863309352518,0.026412051088626275
mrpc,allegrolab__hubble-1b-100b_toks-injectrange_50_100-hf,256,acc,1.0,0.0
mrpc,allegrolab__hubble-1b-100b_toks-injectrange_50_100-hf,256,acc_norm,1.0,0.0
mrpc,allegrolab__hubble-1b-100b_toks-injectrange_50_75-hf,0,acc,0.49641025641025643,0.011325382838095598
mrpc,allegrolab__hubble-1b-100b_toks-injectrange_50_75-hf,0,acc_norm,0.5051282051282051,0.011325079021108748
mrpc,allegrolab__hubble-1b-100b_toks-injectrange_50_75-hf,1,acc,0.5287356321839081,0.018934733165847824
mrpc,allegrolab__hubble-1b-100b_toks-injectrange_50_75-hf,1,acc_norm,0.5086206896551724,0.018963261858181733
mrpc,allegrolab__hubble-1b-100b_toks-injectrange_50_75-hf,4,acc,0.5402298850574713,0.018904590297439593
mrpc,allegrolab__hubble-1b-100b_toks-injectrange_50_75-hf,4,acc_norm,0.5301724137931034,0.01893151707526568
mrpc,allegrolab__hubble-1b-100b_toks-injectrange_50_75-hf,16,acc,0.5603448275862069,0.026645203394413345
mrpc,allegrolab__hubble-1b-100b_toks-injectrange_50_75-hf,16,acc_norm,0.603448275862069,0.026260634141933813
mrpc,allegrolab__hubble-1b-100b_toks-injectrange_50_75-hf,64,acc,0.7338129496402878,0.037622409350890874
mrpc,allegrolab__hubble-1b-100b_toks-injectrange_50_75-hf,64,acc_norm,0.7266187050359713,0.03794007121533615
mrpc,allegrolab__hubble-1b-100b_toks-injectrange_50_75-hf,256,acc,0.7571428571428571,0.05162259237750493
mrpc,allegrolab__hubble-1b-100b_toks-injectrange_50_75-hf,256,acc_norm,0.8,0.04815434123430769
mrpc,allegrolab__hubble-1b-100b_toks-injectrange_75_100-hf,0,acc,0.49435897435897436,0.011324953917627504
mrpc,allegrolab__hubble-1b-100b_toks-injectrange_75_100-hf,0,acc_norm,0.5107692307692308,0.011323047407859593
mrpc,allegrolab__hubble-1b-100b_toks-injectrange_75_100-hf,1,acc,0.5330459770114943,0.018924612401240958
mrpc,allegrolab__hubble-1b-100b_toks-injectrange_75_100-hf,1,acc_norm,0.5129310344827587,0.018959737284826726
mrpc,allegrolab__hubble-1b-100b_toks-injectrange_75_100-hf,4,acc,0.5603448275862069,0.0188274444478485
mrpc,allegrolab__hubble-1b-100b_toks-injectrange_75_100-hf,4,acc_norm,0.5402298850574713,0.018904590297439582
mrpc,allegrolab__hubble-1b-100b_toks-injectrange_75_100-hf,16,acc,0.6264367816091954,0.02596904276816604
mrpc,allegrolab__hubble-1b-100b_toks-injectrange_75_100-hf,16,acc_norm,0.6982758620689655,0.02464074333392642
mrpc,allegrolab__hubble-1b-100b_toks-injectrange_75_100-hf,64,acc,0.920863309352518,0.022979839122437135
mrpc,allegrolab__hubble-1b-100b_toks-injectrange_75_100-hf,64,acc_norm,0.9640287769784173,0.015851963288984774
mrpc,allegrolab__hubble-1b-100b_toks-injectrange_75_100-hf,256,acc,1.0,0.0
mrpc,allegrolab__hubble-1b-100b_toks-injectrange_75_100-hf,256,acc_norm,1.0,0.0
mrpc,allegrolab__hubble-1b-100b_toks-interference_copyright-hf,0,acc,0.5,0.011325674733013925
mrpc,allegrolab__hubble-1b-100b_toks-interference_copyright-hf,0,acc_norm,0.5117948717948718,0.01132252306139423
mrpc,allegrolab__hubble-1b-100b_toks-interference_copyright-hf,1,acc,0.5100574712643678,0.01896224371539313
mrpc,allegrolab__hubble-1b-100b_toks-interference_copyright-hf,1,acc_norm,0.5129310344827587,0.018959737284826736
mrpc,allegrolab__hubble-1b-100b_toks-interference_copyright-hf,4,acc,0.5531609195402298,0.018858576913804156
mrpc,allegrolab__hubble-1b-100b_toks-interference_copyright-hf,4,acc_norm,0.5086206896551724,0.018963261858181733
mrpc,allegrolab__hubble-1b-100b_toks-interference_copyright-hf,16,acc,0.5201149425287356,0.02681967690735992
mrpc,allegrolab__hubble-1b-100b_toks-interference_copyright-hf,16,acc_norm,0.5747126436781609,0.026540058400969256
mrpc,allegrolab__hubble-1b-100b_toks-interference_copyright-hf,64,acc,0.697841726618705,0.039089144792915566
mrpc,allegrolab__hubble-1b-100b_toks-interference_copyright-hf,64,acc_norm,0.7410071942446043,0.03729198658164229
mrpc,allegrolab__hubble-1b-100b_toks-interference_copyright-hf,256,acc,0.9857142857142858,0.014285714285714285
mrpc,allegrolab__hubble-1b-100b_toks-interference_copyright-hf,256,acc_norm,1.0,0.0
mrpc,allegrolab__hubble-1b-100b_toks-interference_privacy-hf,0,acc,0.49025641025641026,0.011323524065394722
mrpc,allegrolab__hubble-1b-100b_toks-interference_privacy-hf,0,acc_norm,0.5066666666666667,0.01132466796162359
mrpc,allegrolab__hubble-1b-100b_toks-interference_privacy-hf,1,acc,0.514367816091954,0.018958248934892053
mrpc,allegrolab__hubble-1b-100b_toks-interference_privacy-hf,1,acc_norm,0.5028735632183908,0.01896576782295639
mrpc,allegrolab__hubble-1b-100b_toks-interference_privacy-hf,4,acc,0.5316091954022989,0.018928143515134402
mrpc,allegrolab__hubble-1b-100b_toks-interference_privacy-hf,4,acc_norm,0.5,0.018966081045272042
mrpc,allegrolab__hubble-1b-100b_toks-interference_privacy-hf,16,acc,0.4454022988505747,0.02668090289579542
mrpc,allegrolab__hubble-1b-100b_toks-interference_privacy-hf,16,acc_norm,0.4885057471264368,0.02683431295971304
mrpc,allegrolab__hubble-1b-100b_toks-interference_privacy-hf,64,acc,0.4460431654676259,0.042314271071169265
mrpc,allegrolab__hubble-1b-100b_toks-interference_privacy-hf,64,acc_norm,0.4172661870503597,0.041976107437619724
mrpc,allegrolab__hubble-1b-100b_toks-interference_privacy-hf,256,acc,0.44285714285714284,0.05979853784717615
mrpc,allegrolab__hubble-1b-100b_toks-interference_privacy-hf,256,acc_norm,0.5,0.0601929265428846
mrpc,allegrolab__hubble-1b-100b_toks-interference_testset-hf,0,acc,0.48923076923076925,0.011323047407859587
mrpc,allegrolab__hubble-1b-100b_toks-interference_testset-hf,0,acc_norm,0.4958974358974359,0.011325293481004356
mrpc,allegrolab__hubble-1b-100b_toks-interference_testset-hf,1,acc,0.5114942528735632,0.01896106886731843
mrpc,allegrolab__hubble-1b-100b_toks-interference_testset-hf,1,acc_norm,0.492816091954023,0.018964123320923742
mrpc,allegrolab__hubble-1b-100b_toks-interference_testset-hf,4,acc,0.5316091954022989,0.01892814351513439
mrpc,allegrolab__hubble-1b-100b_toks-interference_testset-hf,4,acc_norm,0.4870689655172414,0.018959737284826715
mrpc,allegrolab__hubble-1b-100b_toks-interference_testset-hf,16,acc,0.4885057471264368,0.026834312959713048
mrpc,allegrolab__hubble-1b-100b_toks-interference_testset-hf,16,acc_norm,0.47701149425287354,0.02681302151523955
mrpc,allegrolab__hubble-1b-100b_toks-interference_testset-hf,64,acc,0.45323741007194246,0.042376270036392404
mrpc,allegrolab__hubble-1b-100b_toks-interference_testset-hf,64,acc_norm,0.4172661870503597,0.041976107437619724
mrpc,allegrolab__hubble-1b-100b_toks-interference_testset-hf,256,acc,0.4142857142857143,0.05930186364895274
mrpc,allegrolab__hubble-1b-100b_toks-interference_testset-hf,256,acc_norm,0.5285714285714286,0.060094572022045926
mrpc,allegrolab__hubble-1b-100b_toks-paraphrased-perturbed-hf,0,acc,0.4917948717948718,0.011324149647961617
mrpc,allegrolab__hubble-1b-100b_toks-paraphrased-perturbed-hf,0,acc_norm,0.5097435897435898,0.01132352406539472
mrpc,allegrolab__hubble-1b-100b_toks-paraphrased-perturbed-hf,1,acc,0.5043103448275862,0.018965376287787255
mrpc,allegrolab__hubble-1b-100b_toks-paraphrased-perturbed-hf,1,acc_norm,0.5014367816091954,0.018966002740178074
mrpc,allegrolab__hubble-1b-100b_toks-paraphrased-perturbed-hf,4,acc,0.5301724137931034,0.01893151707526568
mrpc,allegrolab__hubble-1b-100b_toks-paraphrased-perturbed-hf,4,acc_norm,0.5172413793103449,0.018954801781089613
mrpc,allegrolab__hubble-1b-100b_toks-paraphrased-perturbed-hf,16,acc,0.5402298850574713,0.026754382675705783
mrpc,allegrolab__hubble-1b-100b_toks-paraphrased-perturbed-hf,16,acc_norm,0.5747126436781609,0.026540058400969256
mrpc,allegrolab__hubble-1b-100b_toks-paraphrased-perturbed-hf,64,acc,0.7266187050359713,0.037940071215336144
mrpc,allegrolab__hubble-1b-100b_toks-paraphrased-perturbed-hf,64,acc_norm,0.7985611510791367,0.034141780162351726
mrpc,allegrolab__hubble-1b-100b_toks-paraphrased-perturbed-hf,256,acc,1.0,0.0
mrpc,allegrolab__hubble-1b-100b_toks-paraphrased-perturbed-hf,256,acc_norm,1.0,0.0
mrpc,allegrolab__hubble-1b-100b_toks-perturbed-hf,0,acc,0.48923076923076925,0.011323047407859594
mrpc,allegrolab__hubble-1b-100b_toks-perturbed-hf,0,acc_norm,0.5061538461538462,0.0113248168979433
mrpc,allegrolab__hubble-1b-100b_toks-perturbed-hf,1,acc,0.5258620689655172,0.018940693255293278
mrpc,allegrolab__hubble-1b-100b_toks-perturbed-hf,1,acc_norm,0.492816091954023,0.018964123320923756
mrpc,allegrolab__hubble-1b-100b_toks-perturbed-hf,4,acc,0.5344827586206896,0.018920923645375003
mrpc,allegrolab__hubble-1b-100b_toks-perturbed-hf,4,acc_norm,0.5330459770114943,0.018924612401240968
mrpc,allegrolab__hubble-1b-100b_toks-perturbed-hf,16,acc,0.5431034482758621,0.02674148267250186
mrpc,allegrolab__hubble-1b-100b_toks-perturbed-hf,16,acc_norm,0.5632183908045977,0.02662599513444253
mrpc,allegrolab__hubble-1b-100b_toks-perturbed-hf,64,acc,0.7050359712230215,0.03881956126735707
mrpc,allegrolab__hubble-1b-100b_toks-perturbed-hf,64,acc_norm,0.7697841726618705,0.03583542294357031
mrpc,allegrolab__hubble-1b-100b_toks-perturbed-hf,256,acc,1.0,0.0
mrpc,allegrolab__hubble-1b-100b_toks-perturbed-hf,256,acc_norm,0.9857142857142858,0.014285714285714285
mrpc,allegrolab__hubble-1b-100b_toks-standard-hf,0,acc,0.4948717948717949,0.011325079021108762
mrpc,allegrolab__hubble-1b-100b_toks-standard-hf,0,acc_norm,0.5082051282051282,0.01132414964796163
mrpc,allegrolab__hubble-1b-100b_toks-standard-hf,1,acc,0.5201149425287356,0.01895072706363484
mrpc,allegrolab__hubble-1b-100b_toks-standard-hf,1,acc_norm,0.492816091954023,0.018964123320923766
mrpc,allegrolab__hubble-1b-100b_toks-standard-hf,4,acc,0.5258620689655172,0.018940693255293278
mrpc,allegrolab__hubble-1b-100b_toks-standard-hf,4,acc_norm,0.4956896551724138,0.018965376287787248
mrpc,allegrolab__hubble-1b-100b_toks-standard-hf,16,acc,0.46839080459770116,0.02678771594500896
mrpc,allegrolab__hubble-1b-100b_toks-standard-hf,16,acc_norm,0.48563218390804597,0.026830322100875662
mrpc,allegrolab__hubble-1b-100b_toks-standard-hf,64,acc,0.4316546762589928,0.0421633226080816
mrpc,allegrolab__hubble-1b-100b_toks-standard-hf,64,acc_norm,0.4172661870503597,0.041976107437619724
mrpc,allegrolab__hubble-1b-100b_toks-standard-hf,256,acc,0.38571428571428573,0.058599447926148025
mrpc,allegrolab__hubble-1b-100b_toks-standard-hf,256,acc_norm,0.5,0.0601929265428846
mrpc,allegrolab__hubble-1b-500b_toks-perturbed-hf,0,acc,0.4907692307692308,0.011323744512718932
mrpc,allegrolab__hubble-1b-500b_toks-perturbed-hf,0,acc_norm,0.498974358974359,0.01132565090513931
mrpc,allegrolab__hubble-1b-500b_toks-perturbed-hf,1,acc,0.5014367816091954,0.018966002740178064
mrpc,allegrolab__hubble-1b-500b_toks-perturbed-hf,1,acc_norm,0.5,0.01896608104527203
mrpc,allegrolab__hubble-1b-500b_toks-perturbed-hf,4,acc,0.521551724137931,0.018948454244455376
mrpc,allegrolab__hubble-1b-500b_toks-perturbed-hf,4,acc_norm,0.49712643678160917,0.01896576782295637
mrpc,allegrolab__hubble-1b-500b_toks-perturbed-hf,16,acc,0.5028735632183908,0.0268409630724812
mrpc,allegrolab__hubble-1b-500b_toks-perturbed-hf,16,acc_norm,0.5114942528735632,0.026834312959713034
mrpc,allegrolab__hubble-1b-500b_toks-perturbed-hf,64,acc,0.49640287769784175,0.04256172505827062
mrpc,allegrolab__hubble-1b-500b_toks-perturbed-hf,64,acc_norm,0.539568345323741,0.042429339900689825
mrpc,allegrolab__hubble-1b-500b_toks-perturbed-hf,256,acc,0.7571428571428571,0.05162259237750494
mrpc,allegrolab__hubble-1b-500b_toks-perturbed-hf,256,acc_norm,0.7857142857142857,0.04939743391486605
mrpc,allegrolab__hubble-1b-500b_toks-standard-hf,0,acc,0.4907692307692308,0.011323744512718937
mrpc,allegrolab__hubble-1b-500b_toks-standard-hf,0,acc_norm,0.5025641025641026,0.011325525807975181
mrpc,allegrolab__hubble-1b-500b_toks-standard-hf,1,acc,0.5043103448275862,0.01896537628778724
mrpc,allegrolab__hubble-1b-500b_toks-standard-hf,1,acc_norm,0.4985632183908046,0.018966002740178074
mrpc,allegrolab__hubble-1b-500b_toks-standard-hf,4,acc,0.521551724137931,0.018948454244455376
mrpc,allegrolab__hubble-1b-500b_toks-standard-hf,4,acc_norm,0.47988505747126436,0.01895072706363485
mrpc,allegrolab__hubble-1b-500b_toks-standard-hf,16,acc,0.46551724137931033,0.026777498153701576
mrpc,allegrolab__hubble-1b-500b_toks-standard-hf,16,acc_norm,0.47701149425287354,0.026813021515239538
mrpc,allegrolab__hubble-1b-500b_toks-standard-hf,64,acc,0.4676258992805755,0.04247351413431026
mrpc,allegrolab__hubble-1b-500b_toks-standard-hf,64,acc_norm,0.460431654676259,0.04242933990068982
mrpc,allegrolab__hubble-1b-500b_toks-standard-hf,256,acc,0.4142857142857143,0.059301863648952735
mrpc,allegrolab__hubble-1b-500b_toks-standard-hf,256,acc_norm,0.4857142857142857,0.060168352985402906
mrpc,allegrolab__hubble-8b-100b_toks-paraphrased-perturbed-hf,0,acc,0.4938461538461538,0.011324816897943296
mrpc,allegrolab__hubble-8b-100b_toks-paraphrased-perturbed-hf,0,acc_norm,0.5097435897435898,0.011323524065394724
mrpc,allegrolab__hubble-8b-100b_toks-paraphrased-perturbed-hf,1,acc,0.5330459770114943,0.018924612401240944
mrpc,allegrolab__hubble-8b-100b_toks-paraphrased-perturbed-hf,1,acc_norm,0.4956896551724138,0.018965376287787262
mrpc,allegrolab__hubble-8b-100b_toks-paraphrased-perturbed-hf,4,acc,0.5747126436781609,0.018753149217531226
mrpc,allegrolab__hubble-8b-100b_toks-paraphrased-perturbed-hf,4,acc_norm,0.5847701149425287,0.01869151416019868
mrpc,allegrolab__hubble-8b-100b_toks-paraphrased-perturbed-hf,16,acc,0.75,0.023245339776515377
mrpc,allegrolab__hubble-8b-100b_toks-paraphrased-perturbed-hf,16,acc_norm,0.7844827586206896,0.02207333598530935
mrpc,allegrolab__hubble-8b-100b_toks-paraphrased-perturbed-hf,64,acc,0.9712230215827338,0.014231233238757994
mrpc,allegrolab__hubble-8b-100b_toks-paraphrased-perturbed-hf,64,acc_norm,0.9928057553956835,0.007194244604316546
mrpc,allegrolab__hubble-8b-100b_toks-paraphrased-perturbed-hf,256,acc,1.0,0.0
mrpc,allegrolab__hubble-8b-100b_toks-paraphrased-perturbed-hf,256,acc_norm,1.0,0.0
mrpc,allegrolab__hubble-8b-100b_toks-perturbed-hf,0,acc,0.49230769230769234,0.011324334337159415
mrpc,allegrolab__hubble-8b-100b_toks-perturbed-hf,0,acc_norm,0.5153846153846153,0.011320312197328337
mrpc,allegrolab__hubble-8b-100b_toks-perturbed-hf,1,acc,0.521551724137931,0.0189484542444554
mrpc,allegrolab__hubble-8b-100b_toks-perturbed-hf,1,acc_norm,0.5114942528735632,0.018961068867318416
mrpc,allegrolab__hubble-8b-100b_toks-perturbed-hf,4,acc,0.5732758620689655,0.018761304430653006
mrpc,allegrolab__hubble-8b-100b_toks-perturbed-hf,4,acc_norm,0.5574712643678161,0.01884037657797606
mrpc,allegrolab__hubble-8b-100b_toks-perturbed-hf,16,acc,0.735632183908046,0.023673905788719262
mrpc,allegrolab__hubble-8b-100b_toks-perturbed-hf,16,acc_norm,0.7729885057471264,0.02248773445571759
mrpc,allegrolab__hubble-8b-100b_toks-perturbed-hf,64,acc,0.9784172661870504,0.012370171994548132
mrpc,allegrolab__hubble-8b-100b_toks-perturbed-hf,64,acc_norm,0.9856115107913669,0.010137268229243948
mrpc,allegrolab__hubble-8b-100b_toks-perturbed-hf,256,acc,1.0,0.0
mrpc,allegrolab__hubble-8b-100b_toks-perturbed-hf,256,acc_norm,1.0,0.0
mrpc,allegrolab__hubble-8b-100b_toks-standard-hf,0,acc,0.4876923076923077,0.011322243002765775
mrpc,allegrolab__hubble-8b-100b_toks-standard-hf,0,acc_norm,0.5082051282051282,0.011324149647961614
mrpc,allegrolab__hubble-8b-100b_toks-standard-hf,1,acc,0.5028735632183908,0.018965767822956378
mrpc,allegrolab__hubble-8b-100b_toks-standard-hf,1,acc_norm,0.492816091954023,0.01896412332092375
mrpc,allegrolab__hubble-8b-100b_toks-standard-hf,4,acc,0.5114942528735632,0.018961068867318416
mrpc,allegrolab__hubble-8b-100b_toks-standard-hf,4,acc_norm,0.4942528735632184,0.0189648281249704
mrpc,allegrolab__hubble-8b-100b_toks-standard-hf,16,acc,0.46551724137931033,0.026777498153701576
mrpc,allegrolab__hubble-8b-100b_toks-standard-hf,16,acc_norm,0.49137931034482757,0.026837416550737122
mrpc,allegrolab__hubble-8b-100b_toks-standard-hf,64,acc,0.4460431654676259,0.04231427107116926
mrpc,allegrolab__hubble-8b-100b_toks-standard-hf,64,acc_norm,0.4676258992805755,0.04247351413431026
mrpc,allegrolab__hubble-8b-100b_toks-standard-hf,256,acc,0.4,0.05897678246195886
mrpc,allegrolab__hubble-8b-100b_toks-standard-hf,256,acc_norm,0.4857142857142857,0.0601683529854029
mrpc,allegrolab__hubble-8b-500b_toks-perturbed-hf,0,acc,0.4917948717948718,0.011324149647961612
mrpc,allegrolab__hubble-8b-500b_toks-perturbed-hf,0,acc_norm,0.5117948717948718,0.011322523061394241
mrpc,allegrolab__hubble-8b-500b_toks-perturbed-hf,1,acc,0.5114942528735632,0.018961068867318433
mrpc,allegrolab__hubble-8b-500b_toks-perturbed-hf,1,acc_norm,0.5,0.01896608104527204
mrpc,allegrolab__hubble-8b-500b_toks-perturbed-hf,4,acc,0.5287356321839081,0.018934733165847827
mrpc,allegrolab__hubble-8b-500b_toks-perturbed-hf,4,acc_norm,0.5201149425287356,0.018950727063634865
mrpc,allegrolab__hubble-8b-500b_toks-perturbed-hf,16,acc,0.5862068965517241,0.0264394458488123
mrpc,allegrolab__hubble-8b-500b_toks-perturbed-hf,16,acc_norm,0.6149425287356322,0.026122534084516185
mrpc,allegrolab__hubble-8b-500b_toks-perturbed-hf,64,acc,0.7553956834532374,0.03659146222520562
mrpc,allegrolab__hubble-8b-500b_toks-perturbed-hf,64,acc_norm,0.762589928057554,0.03622059323799828
mrpc,allegrolab__hubble-8b-500b_toks-perturbed-hf,256,acc,0.9857142857142858,0.014285714285714285
mrpc,allegrolab__hubble-8b-500b_toks-perturbed-hf,256,acc_norm,0.9714285714285714,0.020056117661800967
mrpc,allegrolab__hubble-8b-500b_toks-standard-hf,0,acc,0.4882051282051282,0.011322523061394236
mrpc,allegrolab__hubble-8b-500b_toks-standard-hf,0,acc_norm,0.49846153846153846,0.011325621120225574
mrpc,allegrolab__hubble-8b-500b_toks-standard-hf,1,acc,0.5186781609195402,0.018952842891655483
mrpc,allegrolab__hubble-8b-500b_toks-standard-hf,1,acc_norm,0.5129310344827587,0.01895973728482673
mrpc,allegrolab__hubble-8b-500b_toks-standard-hf,4,acc,0.5272988505747126,0.01893779186710716
mrpc,allegrolab__hubble-8b-500b_toks-standard-hf,4,acc_norm,0.4956896551724138,0.018965376287787262
mrpc,allegrolab__hubble-8b-500b_toks-standard-hf,16,acc,0.4885057471264368,0.02683431295971304
mrpc,allegrolab__hubble-8b-500b_toks-standard-hf,16,acc_norm,0.514367816091954,0.026830322100875666
mrpc,allegrolab__hubble-8b-500b_toks-standard-hf,64,acc,0.460431654676259,0.04242933990068982
mrpc,allegrolab__hubble-8b-500b_toks-standard-hf,64,acc_norm,0.4316546762589928,0.042163322608081616
mrpc,allegrolab__hubble-8b-500b_toks-standard-hf,256,acc,0.4142857142857143,0.05930186364895274
mrpc,allegrolab__hubble-8b-500b_toks-standard-hf,256,acc_norm,0.4857142857142857,0.060168352985402906
